author_id,author_fn,author_ln,book_count
1,Ruperta,Tomich,5
2,Welbie,Stirrup,1
3,Kiley,Arkcoll,3
4,Cariotta,Cocker,1
5,Edvard,Pashley,2
6,Cherri,Wooffinden,2
7,Gillie,Tuckwood,4
8,Claire,Castellaccio,5
9,Jaime,Lyddyard,7
10,Shauna,Stannus,5
11,Tracy,McGougan,4
12,Blaine,Dadson,3
13,Edgardo,O'Scollain,5
14,Nikoletta,Troppmann,4
15,Cynthy,Obert,1
16,Robena,Ripon,2
17,Terence,McGann,7
18,Alexandro,Wymer,3
19,Isac,Boik,3
20,Madlin,Andraud,2
21,Rickie,Jansey,4
22,Jeddy,Tatton,2
23,Gifford,Dudhill,3
24,Antonio,Mum,3
25,Murvyn,Cannings,6
26,Penny,Treby,3
27,Tripp,Rallinshaw,3
28,Edithe,Ternouth,1
29,Lynnell,McVicar,6
30,Mark,Stanex,5
31,Lancelot,Andreasen,4
32,Rupert,Petrosian,6
33,Ania,Rantoull,2
34,Frederik,Colquhoun,5
35,Keri,Oakly,2
36,Dag,Saunper,3
37,Gregor,Gouldie,2
38,Rey,Please,3
39,Fredrika,Lunck,3
40,Lesya,Balchen,3
41,Alikee,Abbess,4
42,Hew,Goadsby,1
43,Marlene,Chaffey,3
44,Romona,Delle,3
45,Bobbie,Grundell,5
46,Mehetabel,Shann,3
47,Donnie,Niaves,2
48,Christina,Beazey,2
49,Welby,Shelp,2
50,Zonda,Sowten,2
51,Celie,Kitchen,4
52,Bernadene,Littlemore,4
53,Kellina,Learmount,3
54,Tawsha,Boniface,6
55,Vivianne,Richfield,3
56,Yard,Atwill,4
57,Bent,Lythgoe,3
58,Marcie,Lawles,2
59,Kay,Douty,3
60,Pooh,Bosward,3
61,Tim,Harcarse,4
62,Freeland,Blackbrough,3
63,Simmonds,Woolliams,1
64,Uriel,Terzza,3
65,Matthiew,Romaines,3
66,Franzen,Handrick,2
67,Albertina,Doerrling,5
68,Tomas,Foucar,5
69,Brandy,Farrimond,5
70,Nikoletta,Cobbledick,4
71,Robbie,Rigney,4
72,Vernon,Ashbee,3
73,Fidela,Barrington,3
74,Concordia,Yitshak,5
75,Kari,Whiting,2
76,Brooke,Scoullar,4
77,Lonny,Saville,4
78,Lauren,Brunger,2
79,Damiano,Bedells,5
80,Mitchel,Morin,4
81,Pansie,Fullagar,2
82,Aimee,Hallybone,2
83,Ilyse,Veldman,4
84,Manfred,Scutts,2
85,Phyllida,North,5
86,Jarib,Blakeway,1
87,Talyah,Marjoribanks,4
88,Napoleon,Chaster,3
89,Kerwin,Merigeau,2
90,Isidoro,Folling,4
91,Giffer,Rhucroft,2
92,Shanan,Lymbourne,6
93,Nathanael,Blackall,3
94,Osbourn,Lempertz,4
95,Evania,Atwater,2
96,Bobbye,Mussett,9
97,Carita,Rishman,2
98,Dallas,Kubach,7
99,Kenn,Malinowski,7
100,Chas,Burgin,2
101,Corine,Buy,0
102,Bancroft,Shildrick,0
103,Ursula,Butchers,0
104,Jessa,Semonin,0
105,Angelika,Collete,0
106,Erena,Duxbury,0
107,Electra,Berends,0
108,Lucio,Japp,0
109,Georgy,Melliard,0
110,Annora,Tilzey,0
111,Jeramey,Paulo,0
112,Paton,Stienham,0
113,Hetti,Allso,0
114,Sherlock,Pittel,0
115,Rawley,Claque,0
116,Briano,Hancke,0
117,Glen,Filewood,0
118,Dulcinea,Edmeads,0
119,Yorgos,Bettam,0
120,Tonia,Fanthome,0
121,Jorgan,Clack,0
122,Fiann,Bratty,0
123,Buddy,Rutherforth,0
124,Joannes,Trevaskiss,0
125,Carroll,Shaughnessy,0
126,Shela,Douberday,0
127,Tiebold,Teulier,0
128,Otho,Fleeman,0
129,Debra,Rosenblatt,0
130,Jeanine,Baggot,0
131,Emmalee,Titcumb,0
132,Brigg,Avis,0
133,Milicent,Kall,0
134,Noll,Lewty,0
135,Duffie,Swetland,0
136,Germain,Badrick,0
137,Parsifal,Kenwood,0
138,Rolland,McNabb,0
139,Rance,Hathway,0
140,Cad,Cleife,0
141,Horatius,Loggie,0
142,Bear,Ayerst,0
143,Petey,Corbie,0
144,Jozef,Buxsey,0
145,Adolphus,Milligan,0
146,Silvia,Gallaher,0
147,Kenneth,Brasier,0
148,Johnna,Shadrack,0
149,Vanessa,Tomovic,0
150,Yves,Speere,0
151,Kellen,Pilkington,0
152,Isaiah,Sabbins,0
153,Wallis,Tomik,0
154,Donavon,Magee,0
155,Merle,Devo,0
156,Lonny,Lowder,0
157,Lelah,Eddleston,0
158,Nolan,Eckart,0
159,Bennie,Lockart,0
160,Prinz,Semorad,0
161,Rodge,Lampitt,0
162,Zachery,Baltrushaitis,0
163,Theodora,Sambell,0
164,Arnuad,Moorhead,0
165,Traci,Newbury,0
166,Brannon,Bourdis,0
167,Raffarty,Phebee,0
168,Bess,Camamill,0
169,Keefe,Ballantine,0
170,Conrade,Fuggles,0
171,Brittne,Trainor,0
172,Didi,Launchbury,0
173,Jerrine,Talman,0
174,Conroy,Candey,0
175,Leonhard,Brownlie,0
176,Denny,Kernocke,0
177,Felice,McCurtin,0
178,Biron,Emmett,0
179,Johnnie,Sitlinton,0
180,Nicoline,Andreichik,0
181,Klaus,Spall,0
182,Eolande,Britton,0
183,Ermanno,Kepling,0
184,Tabbi,Middlebrook,0
185,Ernaline,Haw,0
186,Loren,Cridge,0
187,Garold,Elward,0
188,Chrisse,Ealles,0
189,Doti,Pharro,0
190,Debby,Gillmore,0
191,Thalia,Luckcock,0
192,Shauna,Naulty,0
193,Rosabelle,Normanell,0
194,Audrye,Scrase,0
195,Goddard,Steanyng,0
196,Kacie,Bestiman,0
197,Gayla,Farreil,0
198,Rivkah,Sherland,0
199,Emmey,Taylo,0
200,Harwell,Goodnow,0
201,Shelagh,Signorelli,0
202,Ruben,Penhallurick,0
203,Huberto,Maren,0
204,Aridatha,Painter,0
205,Filberto,Sprott,0
206,Jazmin,Charette,0
207,Maggee,Lievesley,0
208,Rosmunda,Clears,0
209,Suzy,Bernhart,0
210,Olivier,Milne,0
211,Marylynne,Vobes,0
212,Shaw,Dinsell,0
213,Neely,Seligson,0
214,Taffy,Broggelli,0
215,Raf,Miranda,0
216,Martino,Spear,0
217,Tallou,Fursey,0
218,Perle,Tuxsell,0
219,Pernell,De Giorgis,0
220,Lishe,McKaile,0
221,Rosalia,Buard,0
222,Hendrik,Stiddard,0
223,Munroe,Phizackerly,0
224,Norbie,Yandle,0
225,Lani,Cogar,0
226,Garrott,Penhalurick,0
227,Kariotta,Pelman,0
228,Rachel,Howland,0
229,Averill,Wordington,0
230,Nike,Slatter,0
231,Leicester,Doorly,0
232,Cally,Dailey,0
233,Laney,Calcott,0
234,Neall,Dunkerley,0
235,Quincy,Peres,0
236,Claretta,Perello,0
237,Emelia,Barta,0
238,Kanya,Brenston,0
239,Jock,Divine,0
240,Hewe,Pindar,0
241,Marlane,Hesser,0
242,Othilia,Rougier,0
243,Lacey,Dewicke,0
244,Janeen,Szanto,0
245,Celia,Baterip,0
246,Cheri,Hindenberger,0
247,Rossy,Brunskill,0
248,Kori,Kingswell,0
249,Harlie,Mulvaney,0
250,Jaime,Seale,0
251,Piper,Conen,0
252,Dorthy,Rue,0
253,Misti,Di Bartolommeo,0
254,Lindsey,Edgar,0
255,Gusella,McCarney,0
256,Elyse,Murgatroyd,0
257,Rab,Snooks,0
258,Holly,Tatlow,0
259,Wang,Baile,0
260,Midge,Brimilcombe,0
261,Bernetta,Bettaney,0
262,Leroy,Teideman,0
263,Obie,Sherebrooke,0
264,Whitney,Burner,0
265,Carney,Linge,0
266,Paxon,Fillgate,0
267,Adda,Lantuffe,0
268,Olly,Roistone,0
269,Gerrard,Rosenwald,0
270,Beau,Baccus,0
271,Merrie,Ivanchikov,0
272,Shawna,Staddon,0
273,Jeniece,Bettam,0
274,Maurizio,Valeri,0
275,Dorelle,Roscoe,0
276,Sheridan,Flanne,0
277,Russell,Oliveras,0
278,Gerrie,Sheddan,0
279,Judas,Colliber,0
280,Aloysia,Dodds,0
281,Tanitansy,Pughe,0
282,Diandra,Kernes,0
283,Rebbecca,Ioselev,0
284,Colette,Pendrey,0
285,Giffy,Lieber,0
286,Izabel,Ciobotaru,0
287,Vanna,Starmont,0
288,Julianne,Blount,0
289,Larina,Trouel,0
290,Karlan,Rothera,0
291,Dannie,Harmar,0
292,Lefty,Slott,0
293,Jacob,Wrate,0
294,Holden,Carsey,0
295,Dorrie,Gauld,0
296,Marina,Berthomieu,0
297,Tuesday,Easeman,0
298,Berty,Steinhammer,0
299,Kally,Harman,0
300,Felic,Lowry,0
301,Robinet,Gregorace,0
302,Stacey,Elsey,0
303,Anitra,Walch,0
304,Jobina,Antoni,0
305,Raymond,Coy,0
306,Vassili,Eriksson,0
307,Herminia,Vinter,0
308,Adan,McKenney,0
309,Currie,Gerardi,0
310,Jayme,Awde,0
311,Poul,Vigrass,0
312,Renado,Hale,0
313,Corissa,Chenery,0
314,Teddy,Bosley,0
315,Scotti,Rawnsley,0
316,Ezra,Neylan,0
317,Zane,Braunter,0
318,Florina,Mallows,0
319,Geno,Ceyssen,0
320,Lazare,Bodega,0
321,Bryce,Gehricke,0
322,Jodee,Keslake,0
323,Dav,Nel,0
324,Gardener,Bonnavant,0
325,Amandie,Batchan,0
326,Craggy,Turnbull,0
327,Olympia,Cattroll,0
328,Dagny,Landells,0
329,Maurise,Folker,0
330,Lorita,Preator,0
331,Cullin,Hempshall,0
332,Zora,Cabena,0
333,Courtnay,Grzelak,0
334,Marika,Brownsea,0
335,Garrard,Luter,0
336,Stacee,Cassimer,0
337,Keslie,Jeremaes,0
338,Sidnee,Wrathmell,0
339,Percival,Ianilli,0
340,Rafi,Grieg,0
341,Tisha,Bullers,0
342,Delaney,Muncie,0
343,Violetta,Gellan,0
344,Flem,Rathke,0
345,Eunice,Grigson,0
346,Bryn,Malin,0
347,Ellery,Tristram,0
348,Shaina,Prator,0
349,Barrett,Ceaplen,0
350,Caryl,Leftly,0
351,Allister,Heining,0
352,Ardyth,Trenoweth,0
353,Henryetta,Jelleman,0
354,Bobinette,Cicci,0
355,Charlena,Jansie,0
356,Randie,Beckinsale,0
357,Jordon,Scarisbrick,0
358,Amii,Heijne,0
359,Marleah,Millberg,0
360,Chen,Jaye,0
361,Jeane,Priditt,0
362,Lelia,Landreth,0
363,Tull,Marcinkus,0
364,Maxie,McPolin,0
365,Rab,Skala,0
366,Hogan,Shawley,0
367,Regine,Doget,0
368,Doug,Carter,0
369,Michal,Fritschmann,0
370,Carmelita,Tunnoch,0
371,Derrek,Hallowell,0
372,Deina,Howlett,0
373,Claudine,De Roos,0
374,Reider,Raye,0
375,Gypsy,Bruck,0
376,Bernie,Dominiak,0
377,Monika,Henric,0
378,Wynn,Andrick,0
379,Anstice,Threadgill,0
380,Kenny,Bisterfeld,0
381,Rafi,Obington,0
382,Bealle,Ashtonhurst,0
383,Ardelis,Ashwood,0
384,Eduino,Kopelman,0
385,Constantine,Hammerman,0
386,Tammy,Ivatts,0
387,Beth,Tallet,0
388,Eddie,MacGillicuddy,0
389,Ethyl,Canas,0
390,North,McLise,0
391,Joseph,Werndly,0
392,Ellie,Peacocke,0
393,Itch,Croutear,0
394,Kellen,Carville,0
395,Meridith,Spiring,0
396,Gayler,Ropp,0
397,Arnold,Bladge,0
398,Konstance,Easton,0
399,Katharyn,Ofer,0
400,Cristin,Davie,0
401,Ryley,Cudiff,0
402,Jaine,Huscroft,0
403,Hughie,Acome,0
404,Selie,Ellis,0
405,Clotilda,Wrefford,0
406,Veronica,Earengey,0
407,Antonie,Tuff,0
408,Kristi,Inmett,0
409,Pete,Goodlett,0
410,Parnell,Rolph,0
411,Amelia,Elstob,0
412,Sander,Robeiro,0
413,Jaine,Bownass,0
414,Lynnette,Scawen,0
415,Lorine,Creedland,0
416,Jacky,Yarnley,0
417,William,Baudinelli,0
418,Carita,Kowal,0
419,Rickey,Spincke,0
420,Mikey,Greedy,0
421,Desdemona,Kynan,0
422,Fanya,de Keyser,0
423,Brock,Toffalo,0
424,Major,Leynagh,0
425,Finlay,Jennaroy,0
426,Cecil,Fazan,0
427,Clarie,Bodimeade,0
428,Tybalt,Shearston,0
429,Dalis,Haggish,0
430,Johnath,Minigo,0
431,Petra,Thornton-Dewhirst,0
432,Kial,Sallan,0
433,Curran,Wingar,0
434,Blithe,Escot,0
435,Ursuline,Castanie,0
436,Amory,Ornils,0
437,Denni,Kennifeck,0
438,Talbert,Langforth,0
439,Rollin,Wreath,0
440,Ahmed,Scotti,0
441,Iseabal,Perocci,0
442,Archaimbaud,Connors,0
443,Carmelle,Tym,0
444,Daphne,Trevor,0
445,Germain,Agron,0
446,Esmaria,Nann,0
447,Jarrod,Peyntue,0
448,Klara,Duckwith,0
449,Hertha,Sarjant,0
450,Mason,Buttress,0
451,Giusto,Courage,0
452,Roselia,Duffy,0
453,Berna,Burch,0
454,Lyssa,Purvis,0
455,Vince,Sidgwick,0
456,Starr,McIlvenna,0
457,Blinny,McKeurtan,0
458,Anallese,Peacocke,0
459,Maxim,Baddow,0
460,Ashlie,Fechnie,0
461,Neils,Reah,0
462,Crista,Killingback,0
463,Dalton,Whightman,0
464,Sydney,Benninck,0
465,Jesus,Wilder,0
466,Jolee,Kember,0
467,Lothario,McCullogh,0
468,Baron,McMychem,0
469,Lois,Winter,0
470,Basil,Licciardiello,0
471,Gilli,Tibols,0
472,Niki,Pedgrift,0
473,Karen,Pyrke,0
474,Merlina,Karpov,0
475,Harlin,MacScherie,0
476,Andreana,Staden,0
477,Fran,Body,0
478,Byrle,Monson,0
479,Trudy,Kingsland,0
480,Christie,Emberton,0
481,Brittni,Degoy,0
482,Kingston,Sheward,0
483,Christoper,Collomosse,0
484,Yancy,Smeuin,0
485,Merrile,Popplewell,0
486,Leola,Scriver,0
487,Jorie,Crippell,0
488,Gilbertine,Samet,0
489,Mercy,Wenderoth,0
490,Rog,Rodmell,0
491,Eleonore,Congdon,0
492,Winni,Jeskins,0
493,Farand,Charman,0
494,Anne-marie,Cardinale,0
495,Dee,Entreis,0
496,Sharyl,Wayt,0
497,Milton,Alastair,0
498,Austin,Akaster,0
499,Chelsie,Chicchelli,0
500,Lenka,Procter,0
501,Brandy,Arsey,0
502,Elsey,O' Quirk,0
503,Amalia,Fentem,0
504,Abigale,Hesser,0
505,Valenka,Collinson,0
506,Gothart,Heighton,0
507,Garrett,Lamputt,0
508,Enos,Skeemor,0
509,Ruthy,Ribbon,0
510,Benedikta,Hancke,0
511,Gualterio,Dukesbury,0
512,Malynda,Kenwrick,0
513,Piper,Ughelli,0
514,Piotr,Fackney,0
515,Padraig,Breadmore,0
516,Kaylyn,Escala,0
517,Verge,Zaniolini,0
518,Adolf,Moens,0
519,Wilma,Hartley,0
520,Nona,Shires,0
521,Elora,Westmoreland,0
522,Rufe,Van Arsdall,0
523,Rosalind,Nutkins,0
524,Callida,Tolhurst,0
525,Donna,Foston,0
526,Tadio,Sazio,0
527,Agustin,Doge,0
528,Samara,Dietz,0
529,Betsey,Bellchamber,0
530,Raimund,McAleese,0
531,Ilysa,Gocke,0
532,Hervey,Diamond,0
533,Giordano,Dyas,0
534,Shanta,Swan,0
535,Darin,Kornilov,0
536,Benedicto,Dilnot,0
537,Zebedee,Kestell,0
538,Marijn,Oxtarby,0
539,Mycah,Fareweather,0
540,Gabriel,Donativo,0
541,Georgetta,Giovannilli,0
542,Boonie,Madgwich,0
543,Lowrance,Slimings,0
544,Kaitlin,Wernham,0
545,Carey,Kirkham,0
546,Brandais,Eveling,0
547,Ariel,Churching,0
548,Creigh,Tapley,0
549,Jerrilyn,Curson,0
550,Joleen,Brims,0
551,Daune,Riggott,0
552,Gaven,Hannabus,0
553,Drucy,Kennler,0
554,Rolando,Burrett,0
555,Leisha,Reilinger,0
556,Gregorio,Esser,0
557,Christabella,Faughnan,0
558,Melita,Korfmann,0
559,Ingemar,Defond,0
560,Barty,Gallo,0
561,Beryl,Togwell,0
562,Minerva,Murkus,0
563,Carma,Renol,0
564,Harlene,Clout,0
565,Clerkclaude,McInulty,0
566,Duane,Berrow,0
567,Donica,Collop,0
568,Muriel,Meugens,0
569,Alexio,Ivison,0
570,Jesselyn,Stibbs,0
571,Avictor,Reinard,0
572,Vinita,Henricsson,0
573,Bernardina,Langstone,0
574,Martelle,Koba,0
575,Abran,Vedmore,0
576,Mela,Spering,0
577,Laurella,McCard,0
578,Tallou,Cabena,0
579,Terrel,Helstrom,0
580,Jemima,Nisbith,0
581,Starr,Liebermann,0
582,Carmine,Cliff,0
583,Layla,Ingall,0
584,Janna,Merveille,0
585,Grantham,Whitlock,0
586,Zorah,Caudwell,0
587,Sheffy,Moberley,0
588,Cristina,Goly,0
589,Tabina,De Mitris,0
590,Marion,Edlestone,0
591,Zaccaria,McClymond,0
592,Afton,Brandenburg,0
593,Leupold,Belham,0
594,Averyl,Gillebert,0
595,Ferdinande,Arkil,0
596,Shay,Clive,0
597,Charlene,Chazotte,0
598,Laina,Henrys,0
599,Tilly,Marchenko,0
600,Morey,Mobbs,0
601,Teador,Cano,0
602,Jenni,Sheasby,0
603,Krishna,Siemantel,0
604,Danie,Dabourne,0
605,Danica,Mathiot,0
606,Lori,Pardy,0
607,Allie,Skitch,0
608,Emmie,Halton,0
609,Lexy,Robker,0
610,Jackqueline,Naisbitt,0
611,Carrissa,Gyves,0
612,Ronnica,McElroy,0
613,Lorrie,McComb,0
614,Kendall,Charnock,0
615,Meridith,Trembath,0
616,Lavina,Chidgey,0
617,Sharon,Sargeant,0
618,Adelind,Dewick,0
619,Emilie,Towriss,0
620,Ban,Pideon,0
621,Bertie,Moral,0
622,Angel,Seyers,0
623,Findley,Perassi,0
624,Sigmund,MacDonogh,0
625,Raviv,Petch,0
626,Arabella,Croston,0
627,Coral,Board,0
628,Geno,Guppy,0
629,Kit,Stallybrass,0
630,Ginelle,Dugall,0
631,Hill,Frier,0
632,Kim,Jayme,0
633,Baryram,Brawley,0
634,Patten,Sumpner,0
635,Ninette,Langshaw,0
636,Bobbie,Hattrick,0
637,Carey,Lakenden,0
638,Aubrey,Le Houx,0
639,Dewitt,Allsworth,0
640,Jody,Gilbride,0
641,Kendell,Dennington,0
642,Arlene,Mullard,0
643,Esra,Lipprose,0
644,Nikita,Starmer,0
645,Benedict,Krzysztofiak,0
646,Ly,Toffano,0
647,Allyce,Griniov,0
648,Homer,Barthelmes,0
649,Emile,Coltart,0
650,Rutger,Wattisham,0
651,Breanne,Muston,0
652,Harris,Sleightholm,0
653,Jessa,Ollarenshaw,0
654,Allayne,Towe,0
655,Ronna,Jurgen,0
656,Fancy,Abbati,0
657,Zabrina,Lavallie,0
658,Hettie,Wabersinke,0
659,Dorie,Jephcott,0
660,Kerwin,Bitten,0
661,Dyana,Shawel,0
662,Gino,Messingham,0
663,Fremont,Patten,0
664,Jess,Cockling,0
665,Darnell,Gallico,0
666,Elene,Sloyan,0
667,Kimberley,Conaghy,0
668,Jamison,McCrone,0
669,Willetta,Lancashire,0
670,Eden,Heggs,0
671,Emory,Aubri,0
672,Junie,Skynner,0
673,Jordain,Cawdery,0
674,Gale,Farley,0
675,Cyndy,MacMenemy,0
676,Hildegaard,Symson,0
677,Anabal,Orleton,0
678,Marius,Tedman,0
679,Ervin,Bestiman,0
680,Theodosia,Mumford,0
681,Ardelia,Feron,0
682,Willamina,Cassar,0
683,Teddy,O'Hingerty,0
684,Ambrosi,Toolan,0
685,Scotty,Teale,0
686,Kile,Madgett,0
687,Perkin,Piquard,0
688,Wendy,MacMakin,0
689,Farlee,Gleder,0
690,Ignatius,McSharry,0
691,Roseline,Bousler,0
692,Alex,Crowden,0
693,Ardra,Hardwin,0
694,Leonora,Omond,0
695,Enos,Spavon,0
696,Welby,Thomas,0
697,Barth,Kilfoyle,0
698,Drucill,Broe,0
699,Aleda,Aslett,0
700,Garrard,Tumbelty,0
701,Benedicto,Kubik,0
702,Pernell,Easby,0
703,Olivette,Hintzer,0
704,Lorry,Gather,0
705,Mame,Colebrook,0
706,Birk,Cadney,0
707,Ruthie,McKenney,0
708,Helen,Capinetti,0
709,Ezequiel,Frodsham,0
710,Roxie,Jury,0
711,Horace,Corston,0
712,Nessa,Preedy,0
713,Archy,Ferroni,0
714,Melodie,Doneld,0
715,Joshia,Oseland,0
716,Jonell,Tiron,0
717,Martelle,Gimenez,0
718,Hogan,Josey,0
719,Davy,Maggi,0
720,Arie,Claydon,0
721,Godiva,Crauford,0
722,Sibilla,Bentame,0
723,Benedikt,Constanza,0
724,Velvet,Borles,0
725,Valma,Paschke,0
726,Sib,Dalbey,0
727,Andres,Matussov,0
728,Sammy,Stout,0
729,Randolf,Sneath,0
730,Joletta,Halling,0
731,Brendis,Whittingham,0
732,Adolf,O'Hern,0
733,Dion,Tydeman,0
734,Wheeler,Zupa,0
735,Kippy,Farmar,0
736,Fidole,Heams,0
737,Jemimah,Bartrop,0
738,Ardelia,Buckbee,0
739,Ellyn,Dettmar,0
740,Quinton,Kilsby,0
741,Pryce,Drains,0
742,Breanne,Huxter,0
743,Ciro,Moscrop,0
744,Susanetta,Gheorghescu,0
745,Cleopatra,De Avenell,0
746,Dex,Aiers,0
747,Burg,Perrygo,0
748,Addy,Coveney,0
749,Casandra,Malletratt,0
750,Waldo,Garman,0
751,Skipton,Kilkenny,0
752,Hartley,Quirke,0
753,Rey,Doylend,0
754,Ermengarde,Tumilty,0
755,Cory,Heelis,0
756,Arney,Missenden,0
757,Allison,Braywood,0
758,Cherrita,Hauxwell,0
759,Tabitha,Keat,0
760,Tarrah,Karczinski,0
761,Miltie,Petrovykh,0
762,Haley,Abrahim,0
763,Katharina,Siddon,0
764,Hollyanne,Droghan,0
765,Vin,Riseborough,0
766,Duke,Elwood,0
767,Shellysheldon,Hammersley,0
768,Omero,Clunan,0
769,Kincaid,Rossin,0
770,Winfred,Woodson,0
771,Zulema,Dobbin,0
772,Bridget,Evensden,0
773,Correy,Ebbage,0
774,Joice,Beniesh,0
775,Cedric,Vennart,0
776,Jasmina,Bartos,0
777,Roddy,Weir,0
778,Hall,McGraffin,0
779,Beulah,Wadly,0
780,Emmie,Voden,0
781,Kora,Di Ruggero,0
782,Gloriane,Hobell,0
783,Donovan,Hanhard,0
784,Lidia,Helgass,0
785,Rufe,Treker,0
786,Gerladina,Emmanuele,0
787,Woodie,Zealander,0
788,Corinne,Roma,0
789,Roderick,Stollman,0
790,Langston,Flecknell,0
791,Celine,Vanacci,0
792,Jessey,Ogdahl,0
793,Sean,Macklam,0
794,Nicholle,O'Henecan,0
795,Gary,Botright,0
796,Birgitta,Stormes,0
797,Robinett,Paladino,0
798,Kala,Pashenkov,0
799,Larina,Maciaszek,0
800,Isabelita,Hullot,0
801,Leonore,Kleinhaus,0
802,Cornelia,Ghione,0
803,Rudolph,Birtley,0
804,Riley,Southwell,0
805,Sephira,Josowitz,0
806,Ardath,Trunkfield,0
807,Bogart,Elfleet,0
808,Heath,Calcut,0
809,Tucker,Cordes,0
810,Georgeanne,Pinner,0
811,Vergil,Cheer,0
812,Tymon,Huonic,0
813,Whitney,Blowick,0
814,Helen-elizabeth,Glowach,0
815,Rollo,Lahy,0
816,Davine,Morteo,0
817,Ardyth,Beeby,0
818,Beverlee,Licciardi,0
819,Kimble,Horbath,0
820,Bernetta,Frantzeni,0
821,Shell,Breedy,0
822,Vergil,Frenzl,0
823,Rudolph,Ball,0
824,Lorenza,Caccavale,0
825,Farleigh,Alexandrou,0
826,Wain,Brotheridge,0
827,Sigismund,Ludlom,0
828,Samuele,Readwing,0
829,Doretta,Hirjak,0
830,Alayne,Mollitt,0
831,Prissie,Paulsson,0
832,Isidora,Gunston,0
833,Adelina,Maudlin,0
834,Gaylene,Ormes,0
835,Clevie,Matuszak,0
836,Phaedra,Node,0
837,Morena,Muckloe,0
838,Christophorus,Gambie,0
839,Margaret,De Hoogh,0
840,Odille,Gilhool,0
841,Brietta,Serridge,0
842,Jasper,Wimpeney,0
843,Gabriella,Garrattley,0
844,Britta,Buckney,0
845,Elysia,Stickings,0
846,Astra,Firby,0
847,Aline,Struther,0
848,Xymenes,Tremblet,0
849,Wells,Penburton,0
850,Jeannette,Stanbro,0
851,Emilia,Cowmeadow,0
852,Stirling,Philipeau,0
853,Dominic,Bagnold,0
854,Guglielmo,Henriet,0
855,Eleonore,Fone,0
856,Bart,Spelwood,0
857,Irv,Whittington,0
858,Arin,Chantree,0
859,Felix,Streeter,0
860,Brandy,Currom,0
861,Mohandas,Corradino,0
862,Lambert,Ballinger,0
863,Wilie,Syncke,0
864,Rob,Marcinkus,0
865,Janetta,Foulds,0
866,Crysta,Sporle,0
867,Alfy,Dumpleton,0
868,Feodora,Downage,0
869,Briana,Genge,0
870,Klaus,Gherardi,0
871,Margalit,Gooms,0
872,Lilias,Yvon,0
873,Pace,Uttridge,0
874,Diana,Greatland,0
875,Valera,Bezants,0
876,Babette,Brodest,0
877,Courtney,Jannex,0
878,Marina,Clancy,0
879,Angel,Pinard,0
880,Gerry,Rawnsley,0
881,Kelly,Robion,0
882,Elisha,Haynes,0
883,Bernice,Riseley,0
884,Shawna,Bondar,0
885,Atalanta,Martinuzzi,0
886,Jeannine,Hebard,0
887,Umeko,Karlmann,0
888,Kriste,Featherstonhaugh,0
889,Gus,Josskowitz,0
890,Vic,Renon,0
891,Di,Kondratyuk,0
892,Maudie,Phythien,0
893,Gianina,Taynton,0
894,Laraine,Kuhlen,0
895,Dorita,Joutapavicius,0
896,Godard,Sheeres,0
897,Koenraad,Ruger,0
898,Kikelia,Rushton,0
899,Taite,Ferrers,0
900,Stephan,Saffe,0
901,Norrie,Bartoloma,0
902,Roderich,Tompkins,0
903,Kattie,Domerc,0
904,Mariejeanne,Schall,0
905,Earvin,Pountain,0
906,Alys,Vere,0
907,Ilene,Ledwitch,0
908,Esma,Grimolbie,0
909,Raddy,Allan,0
910,Ingelbert,Bosence,0
911,Ermin,Guiden,0
912,Cammy,Hofner,0
913,Cristy,Gration,0
914,Matty,Cyseley,0
915,Andras,Swatman,0
916,Gwenette,Plews,0
917,Anita,Monger,0
918,Patrice,Wiggington,0
919,Ab,Satterfitt,0
920,Janetta,Heis,0
921,Johannah,Brunsden,0
922,Court,Filov,0
923,Gregorio,Field,0
924,Trenna,McCraw,0
925,Mariejeanne,Baudinelli,0
926,Brandie,Maddigan,0
927,Maribeth,Gheerhaert,0
928,Antoine,Hughland,0
929,Stanfield,Cook,0
930,Stirling,Albury,0
931,Francoise,Beniesh,0
932,Phaidra,Kenwright,0
933,Kevan,Fernan,0
934,Leola,Grishankov,0
935,Corliss,Bozward,0
936,Uriel,Fennelow,0
937,Auguste,Trathan,0
938,Jada,Ryan,0
939,Ebba,Pepper,0
940,Ewart,Colpus,0
941,Alis,Armour,0
942,Dona,Dinneen,0
943,Albie,Kimpton,0
944,Ddene,O'Kynsillaghe,0
945,Mattie,Pakenham,0
946,Stephen,Dilgarno,0
947,Aundrea,McRannell,0
948,Dela,Aim,0
949,Tate,Parke,0
950,Jacquelyn,Seaborn,0
951,Renaldo,Venmore,0
952,Wynn,Summers,0
953,Brittani,Currom,0
954,Dru,Gowman,0
955,Kirstin,Scrange,0
956,Griffin,Maywood,0
957,Giustina,Edland,0
958,Micaela,Milligan,0
959,Carla,Mellsop,0
960,Charo,Rippen,0
961,Doro,Clarke,0
962,Editha,Goodbairn,0
963,Adan,Dorney,0
964,Violet,Jakaway,0
965,Angelo,Middler,0
966,Lorraine,Felgat,0
967,Edi,Arrundale,0
968,Antin,Sheehy,0
969,Constantino,Britland,0
970,Clement,Goddert.sf,0
971,Alicia,Sutty,0
972,Claire,Konzelmann,0
973,Fina,Ganter,0
974,Verina,Dorkins,0
975,Etta,Maynell,0
976,Josee,Maben,0
977,Joleen,Hubback,0
978,Carina,Dils,0
979,Carlyn,Toulch,0
980,Franky,Scrancher,0
981,Laurice,Threadgold,0
982,Tedd,Ferrieri,0
983,Geri,Hillitt,0
984,Tab,Moulin,0
985,Marcus,Damarell,0
986,Raphaela,Kulvear,0
987,Janean,Boardman,0
988,Arv,Rillstone,0
989,Tobe,Esch,0
990,Kalina,Enston,0
991,Rubie,Saphir,0
992,Erek,Prestidge,0
993,Marisa,Fallawe,0
994,Shayne,Van Waadenburg,0
995,Trudi,Werndly,0
996,Oriana,Mahony,0
997,Maxie,Dodgson,0
998,Putnam,Creffeild,0
999,Carlynne,Vandrill,0
1000,Ernesto,Wiggins,0
