user_id,user_name,account_created
1,hdimmer0,11/7/2021
2,efairclough1,11/13/2018
3,ekiehl2,7/5/2018
4,devitts3,2/10/2021
5,dcrosier4,3/1/2021
6,rsarginson5,3/5/2020
7,cpharrow6,3/30/2024
8,jsatterley7,11/16/2023
9,dcammacke8,7/18/2017
10,mcoombs9,1/31/2023
11,sbraza,8/7/2023
12,tricoaldb,6/18/2023
13,ghowoodc,12/22/2023
14,alaurandd,3/28/2021
15,wtellenbrokere,6/28/2018
16,ctrinderf,8/22/2017
17,kbuckseyg,4/19/2017
18,lshuttleworthh,12/10/2022
19,vswalei,12/6/2020
20,gfrackiewiczj,1/26/2022
21,kreeveleyk,11/26/2017
22,sackermanl,2/8/2017
23,jwoodhamsm,9/5/2019
24,msladen,10/13/2019
25,adouceo,2/17/2022
26,aashelfordp,7/6/2024
27,avreibergq,3/21/2019
28,jlathburyr,4/25/2017
29,hllewellins,11/28/2022
30,ddagleast,5/7/2018
31,mgwylltu,3/7/2017
32,bdigiacomettinov,10/23/2017
33,dhucksteppw,11/15/2018
34,qbrunettix,6/22/2019
35,dletteresey,12/3/2016
36,mgerckez,12/18/2017
37,lsawfoot10,11/29/2023
38,palbinson11,1/25/2020
39,dbambra12,3/4/2018
40,jisakson13,9/18/2020
41,dkinneir14,9/6/2021
42,nlipscombe15,8/19/2020
43,cbrandenberg16,3/1/2018
44,bshorrock17,9/2/2022
45,nrupert18,7/4/2023
46,bronisch19,9/26/2018
47,aglacken1a,12/13/2016
48,rtwigge1b,12/16/2016
49,schapelhow1c,7/24/2022
50,achansonnau1d,7/21/2022
51,rmarjoram1e,11/2/2023
52,coliddy1f,5/30/2023
53,acolten1g,4/12/2021
54,aloody1h,4/2/2021
55,ethornebarrow1i,11/5/2017
56,dfrear1j,1/6/2017
57,flidgard1k,11/13/2017
58,hbohike1l,6/24/2019
59,cblois1m,8/8/2024
60,blampert1n,11/18/2022
61,sstothert1o,10/23/2019
62,kpillman1p,8/8/2020
63,hkinnie1q,2/3/2020
64,vtschursch1r,9/14/2018
65,ekirgan1s,2/11/2018
66,vperks1t,6/19/2017
67,kitshak1u,8/16/2019
68,kwelbelove1v,6/1/2023
69,wbryns1w,11/1/2020
70,dgellett1x,7/10/2022
71,opountain1y,12/4/2019
72,kbiesterfeld1z,8/3/2022
73,dludl20,8/25/2022
74,inorway21,2/25/2020
75,ccordall22,9/18/2023
76,sbuzek23,11/7/2020
77,hbeddard24,10/12/2018
78,iclew25,5/1/2021
79,tknight26,3/25/2022
80,acordingly27,5/3/2018
81,bmccroft28,11/6/2020
82,lfarris29,7/28/2018
83,djohnsey2a,12/22/2021
84,lharfleet2b,1/13/2019
85,tschneidau2c,5/11/2019
86,lcouves2d,2/21/2024
87,mgoodband2e,8/16/2022
88,simms2f,12/31/2017
89,mnavarro2g,2/25/2020
90,lwooster2h,6/5/2023
91,pturmell2i,11/25/2020
92,tjedraszek2j,8/17/2019
93,ekeenor2k,9/14/2019
94,gribeiro2l,5/18/2019
95,ocuchey2m,8/22/2020
96,jwickman2n,8/8/2024
97,miuorio2o,11/18/2022
98,keastway2p,5/11/2018
99,jmenure2q,11/25/2019
100,sfrotton2r,12/11/2017
101,hbuckley2s,12/9/2020
102,ywilcher2t,5/11/2022
103,nstocks2u,4/7/2021
104,feschalette2v,8/25/2017
105,msheryn2w,6/6/2020
106,gmeasor2x,3/1/2020
107,gastridge2y,6/13/2017
108,bryson2z,11/1/2024
109,esirl30,10/31/2020
110,lolohan31,11/12/2022
111,jzealander32,8/20/2018
112,ebrixham33,10/19/2017
113,bmccaghan34,8/21/2019
114,mshafe35,6/1/2019
115,vborgnol36,6/14/2021
116,ajeffreys37,4/25/2019
117,scrannell38,3/28/2023
118,frenvoise39,9/30/2024
119,mcressor3a,10/25/2021
120,tshilito3b,10/5/2018
121,aleates3c,10/29/2017
122,ilaphorn3d,4/1/2019
123,dbass3e,4/6/2022
124,hmassie3f,9/24/2018
125,rphilipsen3g,8/15/2017
126,agaize3h,11/23/2021
127,rsanpere3i,10/12/2018
128,hhourican3j,2/3/2017
129,acorlett3k,6/6/2020
130,lnannoni3l,6/17/2017
131,ccamier3m,7/3/2017
132,kpavier3n,7/24/2020
133,nputnam3o,9/11/2017
134,aschlagtmans3p,1/28/2023
135,lrapp3q,2/25/2024
136,maurelius3r,7/22/2021
137,slower3s,7/5/2019
138,dpusey3t,8/31/2017
139,jfrany3u,5/16/2020
140,hantonin3v,10/19/2017
141,bbulleyn3w,4/12/2022
142,dtocqueville3x,12/20/2021
143,nthairs3y,5/30/2021
144,cizkovitch3z,1/5/2019
145,dleaf40,6/11/2021
146,kmcfadzean41,2/23/2019
147,tkingston42,4/28/2021
148,nglendza43,10/26/2021
149,banney44,5/21/2024
150,wdewdeny45,2/27/2023
151,glutwyche46,9/19/2024
152,mweekland47,9/27/2024
153,deick48,5/1/2020
154,pmaylam49,5/27/2017
155,wblaxter4a,7/10/2024
156,lhaythorne4b,5/8/2018
157,bnarey4c,1/13/2020
158,dbreinl4d,5/30/2021
159,tbaggallay4e,6/5/2021
160,lsyrad4f,7/5/2019
161,zbeisley4g,7/4/2024
162,voneill4h,3/13/2024
163,lbunhill4i,4/29/2024
164,vgoodbar4j,12/29/2023
165,lmckenzie4k,12/14/2023
166,cliverseege4l,5/7/2021
167,jzimek4m,4/17/2020
168,iakred4n,8/10/2019
169,nleathers4o,12/4/2021
170,ltissier4p,6/23/2020
171,mfinnis4q,5/24/2019
172,sbanes4r,1/15/2017
173,hfulop4s,1/8/2023
174,lofford4t,6/6/2018
175,gkohrs4u,5/20/2017
176,bwastell4v,5/20/2019
177,ddionsetti4w,12/22/2019
178,sfeathersby4x,9/27/2021
179,egowar4y,12/10/2022
180,lpedrocco4z,11/26/2017
181,lchess50,10/16/2021
182,sstagge51,12/20/2019
183,grogans52,1/22/2022
184,pmcphillimey53,1/13/2023
185,apiller54,3/10/2021
186,rvellacott55,11/1/2021
187,nrushbrook56,5/17/2021
188,cpinilla57,6/21/2021
189,briglar58,4/7/2022
190,vhuckel59,12/7/2019
191,ebraunds5a,10/1/2017
192,cwickliffe5b,5/7/2018
193,mforty5c,11/19/2016
194,agalia5d,6/9/2024
195,gfussey5e,2/25/2023
196,jwinterson5f,9/26/2021
197,lvass5g,4/4/2022
198,bmacnockater5h,6/26/2019
199,bcovington5i,12/21/2019
200,nbordiss5j,6/8/2024
201,fhutchin5k,5/30/2023
202,rkilshall5l,12/9/2018
203,pskaif5m,7/9/2020
204,bporteous5n,6/8/2017
205,efawlks5o,7/22/2018
206,jvany5p,10/25/2022
207,asincock5q,9/3/2021
208,jbourget5r,1/19/2023
209,rloeber5s,5/8/2024
210,cgettens5t,5/24/2017
211,lorme5u,8/17/2021
212,rmarlowe5v,11/10/2018
213,gsnelgar5w,2/13/2019
214,dmcevilly5x,2/3/2018
215,scocozza5y,4/22/2024
216,nmatveiko5z,9/14/2024
217,dpaddell60,12/12/2018
218,rmaeer61,7/16/2023
219,ewetheril62,9/12/2024
220,lwalburn63,7/11/2024
221,bpere64,5/3/2023
222,nlambeth65,8/5/2023
223,mfishlock66,12/1/2019
224,wwhithorn67,2/24/2017
225,dsandry68,2/1/2017
226,apane69,1/27/2018
227,jcastanone6a,1/9/2020
228,hwatkiss6b,6/19/2017
229,fconlaund6c,10/9/2023
230,mkobieriecki6d,10/15/2021
231,mjerok6e,10/18/2018
232,lwyllis6f,11/22/2020
233,fjeskin6g,10/23/2020
234,bclemmen6h,3/31/2021
235,coglevie6i,8/27/2019
236,bsmaling6j,2/27/2022
237,bgrealy6k,12/9/2022
238,xjentges6l,4/28/2019
239,mcosham6m,2/6/2022
240,ashorte6n,11/20/2018
241,smcart6o,7/27/2019
242,cphilippsohn6p,4/22/2019
243,arandales6q,12/10/2021
244,bcazin6r,6/7/2019
245,pdullard6s,12/24/2022
246,ashaw6t,12/27/2018
247,emcdonand6u,6/17/2021
248,eomonahan6v,11/1/2022
249,cloins6w,3/2/2023
250,kwimbury6x,12/8/2020
251,cmacclure6y,6/17/2020
252,bphair6z,4/6/2022
253,avaughton70,5/27/2022
254,jmiddell71,10/27/2018
255,kjewster72,6/28/2018
256,cimorts73,4/15/2021
257,dtaggart74,1/17/2024
258,agaggen75,2/11/2020
259,fricket76,1/17/2023
260,rgellibrand77,2/15/2021
261,mseeds78,11/13/2016
262,vmaro79,5/12/2024
263,mshillinglaw7a,12/29/2017
264,sgrieves7b,6/12/2022
265,bevanson7c,7/25/2017
266,lgeck7d,12/2/2023
267,oessery7e,2/12/2017
268,gfooks7f,5/10/2021
269,jcavalier7g,3/24/2019
270,bjeenes7h,4/20/2022
271,vtomblin7i,8/23/2017
272,rtumpane7j,1/22/2021
273,kroast7k,2/20/2024
274,cgergher7l,7/19/2024
275,ccaltun7m,12/12/2023
276,cchellam7n,5/7/2020
277,hwadeling7o,6/15/2023
278,tpeevor7p,2/15/2019
279,akeyme7q,1/17/2023
280,sforsyde7r,7/23/2020
281,troebottom7s,2/12/2023
282,taugust7t,9/23/2017
283,ayushankin7u,12/23/2023
284,gzmitrovich7v,10/6/2020
285,wleven7w,4/20/2020
286,edahlberg7x,9/28/2019
287,cbuske7y,2/11/2021
288,fbignal7z,7/6/2018
289,nveldstra80,12/26/2021
290,fellor81,7/10/2018
291,jmcalester82,9/27/2017
292,bgear83,5/15/2017
293,nsnoddon84,4/4/2017
294,arodman85,5/27/2017
295,ekrale86,4/4/2017
296,mloidl87,5/29/2024
297,ctale88,10/8/2017
298,ahutten89,5/8/2020
299,mperree8a,11/15/2019
300,mrao8b,10/2/2017
301,jpickhaver8c,1/16/2018
302,tdoore8d,11/13/2017
303,bgallager8e,12/5/2017
304,cgovini8f,1/14/2020
305,ngedge8g,5/14/2017
306,rcotman8h,1/9/2019
307,lbrill8i,5/13/2024
308,bevennett8j,1/31/2021
309,cgenty8k,3/10/2019
310,rtuffrey8l,4/17/2017
311,rtissier8m,2/19/2023
312,bbraams8n,1/31/2019
313,lyerrall8o,1/7/2022
314,cdevillier8p,4/25/2019
315,cdilucia8q,1/5/2017
316,kmettetal8r,7/29/2020
317,mdoge8s,12/13/2021
318,dpires8t,4/15/2021
319,jmound8u,1/2/2024
320,rcattermole8v,6/6/2020
321,lbisson8w,10/1/2024
322,apresdee8x,1/16/2024
323,lmcneice8y,10/30/2020
324,wcleare8z,8/18/2024
325,olugsdin90,5/13/2022
326,gsonger91,10/25/2024
327,bscotson92,6/3/2024
328,jmundell93,5/21/2017
329,msherrington94,11/4/2024
330,bgosz95,7/9/2020
331,sdemetr96,3/21/2023
332,mmeads97,2/27/2019
333,rdohmer98,7/4/2021
334,ebowles99,7/8/2024
335,kneasam9a,6/9/2024
336,igresham9b,3/7/2018
337,dterrell9c,1/30/2023
338,gmartusewicz9d,11/5/2018
339,iquaife9e,4/20/2020
340,wtilberry9f,4/14/2021
341,kschlagtmans9g,7/6/2019
342,bdicky9h,2/11/2019
343,hdjokovic9i,9/12/2021
344,rgriniov9j,5/1/2024
345,ejoderli9k,8/3/2019
346,jpresman9l,6/22/2021
347,rmcclounan9m,6/27/2017
348,tblanckley9n,6/12/2020
349,mdanelut9o,1/16/2018
350,dcaulliere9p,1/8/2017
351,mmattheus9q,6/3/2018
352,mgudgen9r,1/17/2020
353,hbleas9s,10/24/2021
354,wneath9t,9/5/2017
355,dpitchford9u,7/16/2022
356,smenico9v,2/13/2018
357,fdocker9w,10/22/2017
358,lfrigout9x,1/6/2024
359,cvaune9y,1/3/2018
360,atrowle9z,11/2/2020
361,jdurana0,8/24/2022
362,llonergana1,2/5/2022
363,jhandrahana2,3/27/2021
364,rcristofaroa3,5/15/2019
365,khicklingbottoma4,8/1/2018
366,lwestbya5,9/2/2021
367,pblackbrougha6,7/29/2018
368,kdelaneya7,1/18/2017
369,cdeveya8,5/3/2019
370,emccumeskya9,10/28/2022
371,jdemeteraa,12/25/2021
372,jcawtheraab,12/8/2017
373,rtheuffac,12/26/2018
374,pboatswainad,1/18/2022
375,mhatherleyae,12/3/2020
376,mpercheaf,5/6/2017
377,rstayteag,12/2/2016
378,evilesah,9/6/2021
379,tphilippsonai,3/16/2021
380,lmaccrannaj,5/29/2023
381,odumphryak,2/25/2017
382,cwinfindineal,2/26/2023
383,cbertolinam,7/9/2021
384,tszymonwiczan,5/15/2023
385,echarringtonao,6/2/2020
386,jbarrellap,5/4/2021
387,shackletonaq,9/26/2019
388,jdahmelar,5/28/2021
389,glabbetas,6/12/2019
390,ariolfoat,12/10/2017
391,tsimoniniau,11/13/2019
392,kpawelsav,4/24/2019
393,rphillippaw,2/17/2021
394,bhulattax,2/22/2020
395,eweadickay,11/22/2021
396,mnottonaz,2/3/2018
397,esutterfieldb0,8/21/2022
398,ybradyb1,2/20/2017
399,cproctorb2,12/10/2020
400,dexcellb3,12/5/2020
401,bmycroftb4,12/17/2016
402,lbridleb5,9/30/2022
403,bdowallb6,6/1/2021
404,hdallossob7,5/24/2021
405,cmacdonoghb8,4/2/2023
406,hselbachb9,10/1/2017
407,ksazioba,5/29/2018
408,abaudinellibb,5/12/2017
409,kotierneybc,3/31/2024
410,vsuttellbd,1/13/2023
411,hchippsbe,7/1/2020
412,tscogginsbf,7/31/2024
413,lberrybg,9/24/2017
414,ddukesbh,10/13/2017
415,vtullochbi,3/31/2019
416,pmcalorenbj,12/16/2016
417,rbieverbk,8/25/2017
418,pclunanbl,2/17/2019
419,kjindacekbm,9/14/2021
420,kgoodbournbn,8/14/2017
421,bbrindedbo,4/1/2019
422,rbritnellbp,1/9/2017
423,atavinorbq,9/7/2021
424,wtomikbr,1/23/2019
425,tkembrybs,9/21/2017
426,vwerrettbt,5/1/2022
427,dcrollbu,3/9/2020
428,lmoretonbv,6/5/2021
429,apancoastbw,7/23/2019
430,rragsdalebx,8/2/2024
431,cevisonby,4/9/2019
432,lsuggeybz,2/26/2017
433,pmcnabbc0,10/8/2017
434,rcotilardc1,2/4/2023
435,bhuetsonc2,7/1/2017
436,nlevesquec3,10/2/2021
437,dturneauxc4,11/27/2018
438,lsalzbergerc5,7/30/2019
439,pszaboc6,4/8/2020
440,gposseltc7,3/2/2021
441,lbagwellc8,7/20/2020
442,groderigoc9,3/25/2020
443,jchristaeasca,4/13/2017
444,fhotchkincb,11/24/2016
445,tfittcc,9/6/2021
446,jcanteracd,7/4/2019
447,mclaasence,10/9/2023
448,ssloycf,7/19/2022
449,atashcg,2/15/2019
450,ehamlettch,11/14/2020
451,tfinlowci,8/13/2023
452,kgionettitticj,1/18/2022
453,kbattenck,10/22/2020
454,nmccluskeycl,9/2/2018
455,cparamorcm,3/28/2020
456,fdeanscn,3/18/2020
457,fmoortonco,3/30/2022
458,lpomfretcp,6/14/2021
459,hheincq,9/16/2017
460,ggajewskicr,4/6/2023
461,gledgewaycs,1/17/2018
462,hjilkesct,3/17/2020
463,nmcgillegholecu,2/1/2021
464,ljellicocv,11/11/2018
465,dventriscw,6/2/2024
466,twartonbycx,11/12/2023
467,jemlincy,2/19/2022
468,qbloxhamcz,5/4/2018
469,lmaysd0,8/14/2021
470,fparadisd1,7/13/2018
471,gdorranced2,3/31/2023
472,dmcchruiterd3,5/9/2022
473,hgaddd4,12/7/2019
474,eshallod5,12/4/2017
475,sayreed6,12/17/2018
476,cbalchind7,8/22/2019
477,rbonnefind8,1/7/2022
478,cheriond9,8/16/2021
479,cladsonda,2/11/2020
480,apoundsdb,6/6/2023
481,kwetherbydc,6/19/2020
482,csticklesdd,2/13/2018
483,efurmedgede,9/6/2017
484,fleversondf,1/25/2020
485,yheavydg,7/4/2022
486,cdunthornedh,1/31/2024
487,sbithelldi,6/4/2020
488,hkalfdj,2/18/2022
489,jcrispindk,5/26/2019
490,wironsidedl,6/22/2021
491,colivaridm,4/11/2021
492,drowthornedn,9/24/2022
493,djohanssondo,3/6/2023
494,vcornelsdp,12/31/2017
495,eblabydq,2/11/2020
496,cizzarddr,11/14/2021
497,tburghallds,12/23/2022
498,tlurnerdt,8/18/2017
499,jyvesdu,9/24/2018
500,lsmitherdv,5/23/2019
501,fcrockdw,4/11/2020
502,hmorgondx,5/25/2018
503,cturbatdy,9/18/2020
504,dgoudydz,12/4/2022
505,eorteue0,2/7/2021
506,lcantlee1,2/9/2018
507,srhoadese2,4/26/2023
508,ipietzkere3,3/10/2024
509,nhrinchishine4,12/27/2022
510,slivicke5,5/12/2017
511,tmclellande6,10/29/2024
512,tlisette7,2/18/2024
513,jrosseye8,10/3/2019
514,tkeaveneye9,3/9/2019
515,lmizziea,5/16/2022
516,chubeauxeb,7/12/2023
517,ycondyec,1/5/2024
518,opattleled,1/15/2022
519,jfilippucciee,1/7/2019
520,kkervinef,11/12/2019
521,dcopozioeg,5/24/2022
522,sferrarioeh,7/11/2019
523,asuthrenei,3/21/2024
524,drunnettej,9/8/2021
525,olambdeanek,9/15/2019
526,ttowlsonel,4/19/2020
527,efenderem,11/15/2019
528,candereren,9/24/2020
529,bdukeseo,4/10/2018
530,galesep,7/30/2023
531,tcaldayroueq,11/27/2020
532,alaugierer,1/7/2020
533,lbrimilcombees,10/3/2023
534,ewordingtonet,5/20/2024
535,gpopoveu,5/30/2017
536,jscuphamev,1/31/2022
537,bmartew,7/6/2023
538,valsinaex,1/14/2019
539,mallainey,8/29/2024
540,bsqueersez,10/9/2020
541,ngeelyf0,6/16/2024
542,fokeefef1,8/1/2019
543,ascrowbyf2,1/25/2021
544,hlowesf3,8/23/2023
545,bplowrightf4,1/2/2017
546,rdanilovitchf5,2/17/2024
547,rlentf6,8/5/2024
548,bwickliffef7,2/20/2020
549,abulwardf8,1/6/2017
550,fwestphalf9,9/24/2022
551,ghucknallfa,8/12/2019
552,lepinayfb,6/8/2021
553,bblankaufc,6/3/2019
554,hbiffenfd,1/14/2023
555,cboldeckefe,6/13/2020
556,aiannielloff,1/8/2024
557,ncaretfg,3/23/2019
558,tdotsonfh,4/8/2023
559,lfetherstanfi,2/14/2021
560,tkerifj,4/9/2023
561,calldreadfk,7/15/2017
562,alorrowayfl,11/30/2019
563,lrapleyfm,2/6/2022
564,rshilstonefn,10/5/2023
565,mbennionfo,8/26/2018
566,pgroocockfp,8/13/2023
567,kpatleyfq,2/27/2020
568,rvanderdaalfr,7/19/2017
569,mmillefs,8/30/2024
570,pfairlemft,2/8/2018
571,dgosnellfu,7/15/2018
572,jvallentinfv,2/28/2023
573,igillardfw,3/2/2017
574,aellwellfx,8/28/2021
575,nnardonify,4/6/2020
576,tcullipfz,5/15/2024
577,cbesg0,1/2/2021
578,vdavetg1,2/12/2018
579,ltaffreyg2,11/5/2023
580,bbealingg3,8/1/2017
581,iroggersg4,7/28/2017
582,bconstantg5,7/19/2022
583,vkiplingg6,12/29/2019
584,rblandamereg7,4/12/2023
585,gmcluckyg8,4/17/2019
586,oscrowsong9,8/22/2024
587,akillinerga,4/10/2023
588,mhazelhurstgb,6/29/2024
589,jtwaitegc,6/18/2017
590,jcarstairsgd,12/2/2022
591,cgoodayge,12/29/2022
592,aashbegf,3/20/2019
593,sfrickegg,2/10/2022
594,eidegh,7/28/2024
595,mgenevergi,10/4/2024
596,lhyndegj,7/23/2021
597,mbaumegk,11/2/2017
598,dverlindengl,12/30/2016
599,mrainongm,1/23/2024
600,wmaccarranegn,4/26/2022
601,bmactrustygo,3/12/2022
602,khammondgp,9/3/2024
603,tschustgq,12/9/2022
604,mtettgr,8/24/2017
605,gtaddgs,1/26/2021
606,emunkleygt,9/19/2021
607,krohfsengu,4/8/2024
608,sberigv,10/1/2023
609,aklehyngw,3/24/2018
610,dsillgx,4/27/2022
611,gmicklemgy,6/4/2022
612,bgoldsbygz,9/27/2017
613,cdrejerh0,1/18/2022
614,ocosgraveh1,5/26/2021
615,rladleyh2,6/27/2024
616,ggrashah3,8/16/2018
617,aclemonh4,5/20/2018
618,fboundeh5,12/24/2016
619,efroomh6,10/31/2019
620,jhaysmanh7,8/9/2020
621,cstowersh8,11/2/2017
622,rketchellh9,12/5/2020
623,lespositoha,6/29/2023
624,cgarzhb,1/2/2021
625,sisherwoodhc,6/4/2017
626,tharveyhd,12/6/2020
627,gskotcherhe,11/2/2019
628,mmessierhf,8/25/2020
629,cdanniellhg,5/29/2021
630,droiznhh,4/16/2020
631,pturfshi,1/17/2020
632,aphillpothj,1/11/2017
633,rpimhk,7/13/2017
634,hprobathl,2/2/2024
635,dgorwoodhm,8/13/2022
636,bbellayhn,1/21/2021
637,vpudenho,11/15/2018
638,kbeuscherhp,3/6/2021
639,gfisbeyhq,12/13/2018
640,dhamorhr,4/18/2019
641,jeastamhs,5/26/2023
642,gbaddeleyht,1/13/2023
643,bbensenhu,10/21/2017
644,eargohv,12/15/2023
645,alovelockhw,9/18/2018
646,jcoonhx,7/23/2024
647,bmccambroishy,4/29/2018
648,tlindenhz,5/5/2018
649,ilonglandsi0,8/29/2018
650,dspinigei1,1/18/2024
651,bdacksi2,12/14/2018
652,dhodgetsi3,6/12/2020
653,styndalli4,2/26/2020
654,pfairecloughi5,1/11/2021
655,mmundalli6,10/29/2018
656,cpendrei7,12/31/2016
657,cvescovinii8,9/16/2019
658,claxi9,2/24/2024
659,bpauteia,11/27/2017
660,mistedib,5/17/2018
661,docannovaneic,3/10/2022
662,irigmandid,4/21/2021
663,omcilwrickie,3/7/2024
664,edufrayif,1/3/2021
665,seglaiseig,6/28/2020
666,tsudranih,10/3/2019
667,vthrustleii,4/8/2021
668,ydegiorgiij,9/7/2017
669,hmuncasterik,3/27/2023
670,gbrandsil,1/19/2019
671,heareyim,9/7/2023
672,lbrookwellin,11/11/2017
673,chalfordio,6/14/2021
674,sdivineip,3/25/2022
675,rgodartiq,6/29/2021
676,kboiceir,10/8/2019
677,rfaldois,3/16/2017
678,lnovicit,7/15/2021
679,cjenseniu,5/13/2018
680,itodariniiv,2/14/2019
681,aconsidineiw,2/24/2023
682,twhartonix,1/29/2021
683,bharcaseiy,5/10/2021
684,cokilliz,2/20/2020
685,skarolovskyj0,9/14/2019
686,lcaudelierj1,5/12/2019
687,awillcockj2,9/11/2017
688,bsplainj3,2/29/2024
689,lbarringerj4,1/31/2021
690,ablastockj5,11/9/2023
691,lwillingamj6,9/23/2019
692,lcrowterj7,3/1/2022
693,cguerraj8,9/11/2020
694,asegrottj9,8/13/2018
695,mslackja,11/8/2024
696,sflochjb,11/25/2019
697,gsneesbyjc,1/25/2021
698,kmanginjd,5/29/2019
699,csyrattje,5/17/2017
700,bcolliberjf,9/14/2019
701,tdoakjg,7/28/2023
702,kcardellojh,3/10/2021
703,vleadji,5/9/2023
704,tsabatejj,7/22/2017
705,fmeadsjk,10/25/2022
706,elifseyjl,12/25/2021
707,amccombejm,3/15/2019
708,psconesjn,12/24/2019
709,emanesjo,7/14/2023
710,blongfordjp,6/22/2021
711,wocridiganjq,6/27/2018
712,tloadwickjr,8/24/2023
713,hgooderridgejs,7/21/2024
714,wdorsayjt,5/27/2023
715,rodesonju,4/16/2024
716,obrightwelljv,12/22/2022
717,dilyasjw,12/14/2018
718,edearyjx,11/29/2023
719,msancraftjy,4/3/2018
720,tbraxayjz,5/7/2018
721,alardinerk0,10/8/2021
722,cdemorenak1,10/10/2021
723,hbanasikk2,2/28/2021
724,rnockk3,7/9/2018
725,rpeirok4,3/21/2023
726,lcatfordk5,11/7/2020
727,jjunkinsonk6,6/13/2023
728,rfarnesk7,6/19/2017
729,hfrissellk8,11/25/2016
730,icrepink9,7/21/2019
731,oimpsonka,7/25/2022
732,lvelakb,5/15/2024
733,grebeirokc,7/28/2019
734,vsnuggkd,1/15/2017
735,palecockke,7/31/2020
736,tnecoldskf,9/3/2017
737,dshovelkg,8/31/2019
738,trookkh,12/8/2020
739,kbowshireki,3/10/2020
740,dmartynovkj,1/7/2023
741,nstruttonkk,11/12/2023
742,lgongkl,1/22/2021
743,abortolettikm,7/19/2017
744,wlorencekn,6/8/2017
745,nedgintonko,3/31/2024
746,cfurnesskp,4/11/2019
747,imillsonkq,9/29/2024
748,lverrallkr,11/13/2017
749,espykingsks,6/10/2024
750,abeakkt,4/20/2021
751,rvareyku,1/31/2023
752,epardeykv,7/4/2020
753,tcowpkw,9/22/2020
754,sphizackleakx,5/18/2024
755,eliddicoatky,7/18/2023
756,ablazewiczkz,1/13/2024
757,cbartelll0,5/19/2018
758,tfril1,8/26/2023
759,mdreghornl2,4/1/2019
760,kbigbyl3,10/26/2018
761,jtutchingsl4,3/10/2023
762,cnundl5,2/12/2022
763,mcaseyl6,12/19/2022
764,wghidolil7,2/11/2023
765,cdesmondl8,7/10/2018
766,branscombl9,12/11/2022
767,bgoodshipla,12/18/2021
768,hmarkhamlb,11/12/2016
769,swatchornlc,4/22/2021
770,ctoffalonild,5/21/2023
771,cchapmanle,12/13/2019
772,wcorahlf,7/30/2023
773,jchalcotlg,4/25/2020
774,kbrindlelh,2/27/2019
775,ybifieldli,6/3/2018
776,hgarawaylj,10/8/2017
777,agavriellk,4/8/2017
778,hstarmorell,10/16/2023
779,shallworthlm,2/24/2023
780,akalinskyln,8/26/2019
781,enyslo,6/16/2022
782,ddaxlp,2/5/2024
783,elacasalq,8/26/2019
784,bdracolr,4/14/2018
785,bcostellowls,7/2/2020
786,dbilleslt,6/29/2017
787,rackerleylu,8/25/2018
788,cgullifantlv,7/28/2020
789,mlydiardlw,6/7/2021
790,hfoylx,6/7/2018
791,olivenly,6/19/2021
792,hmelloylz,8/8/2024
793,jayshfordm0,12/7/2021
794,ialpsm1,6/3/2017
795,nbarthorpem2,4/27/2021
796,xcanwellm3,12/7/2019
797,rjerschkem4,11/30/2021
798,bjoutapaitism5,5/20/2023
799,nvardiem6,3/15/2018
800,eczaplam7,10/25/2021
801,horromm8,11/10/2024
802,wsergantm9,4/2/2018
803,aibanezma,5/4/2021
804,fshuttmb,2/25/2021
805,gallebonemc,5/6/2024
806,gnarbettmd,8/5/2019
807,jbeame,11/18/2021
808,gklimashevichmf,10/22/2023
809,volechnowiczmg,2/19/2022
810,cpurvesmh,8/16/2021
811,jcastlesmi,7/24/2023
812,rsavaagemj,4/28/2019
813,mfraczkiewiczmk,9/8/2023
814,sboaseml,3/3/2017
815,kpeedellmm,8/8/2020
816,ctrayhornmn,7/14/2024
817,hnottlemo,5/20/2022
818,dhaselupmp,10/7/2019
819,mbedbroughmq,8/6/2020
820,lcarlmr,2/1/2017
821,tsowleyms,11/13/2017
822,aboninmt,7/20/2022
823,hdareymu,5/2/2022
824,htaaffemv,9/29/2022
825,hruddiforthmw,6/15/2022
826,htembridgemx,2/16/2020
827,mhuglimy,11/1/2017
828,smcgaugheymz,5/12/2019
829,cloweryn0,7/13/2018
830,aepgraven1,1/19/2024
831,wgathwaiten2,11/7/2021
832,aphilpn3,7/22/2022
833,gjarrattn4,5/9/2018
834,eharrymann5,3/1/2022
835,clayusn6,5/12/2018
836,sdehoogen7,1/13/2022
837,pelhamn8,8/17/2020
838,gfaircliffen9,7/13/2023
839,barnalna,10/20/2021
840,gbrooksbynb,3/21/2023
841,vjeramsnc,1/5/2019
842,ctutsellnd,10/14/2022
843,easpinne,6/8/2020
844,ctoopnf,12/28/2019
845,ghibbartng,8/28/2022
846,mpetruknh,12/9/2022
847,wbreeseni,8/24/2023
848,askittnj,8/25/2018
849,cdowseynk,3/28/2023
850,odoignl,7/29/2017
851,gjensennm,7/10/2023
852,dmacnn,11/4/2022
853,mmagwoodno,3/26/2018
854,bodeveynp,12/9/2019
855,svanderbeeknq,6/25/2017
856,czettoinr,4/27/2022
857,mrebertns,12/26/2017
858,ctreadawaynt,7/8/2019
859,adobellnu,9/15/2022
860,lmurisonnv,2/8/2018
861,cleadleynw,11/12/2017
862,ckleinernx,12/2/2019
863,lmcgettrickny,4/12/2020
864,sjeffsnz,3/4/2023
865,lmaclardieo0,10/11/2019
866,gmatthiso1,7/5/2019
867,enairyo2,5/29/2024
868,yhunnicoto3,5/6/2023
869,lkiteo4,1/2/2021
870,csutheringtono5,12/7/2020
871,udato6,10/10/2021
872,areadingo7,8/19/2019
873,bmuzzio8,2/15/2018
874,flatimero9,11/23/2018
875,hstormesoa,8/18/2019
876,rdeeob,2/3/2023
877,imattacksoc,1/25/2021
878,cpollardod,10/21/2020
879,rgerbloe,12/14/2017
880,aviviansof,8/13/2018
881,qfominovog,7/27/2017
882,binchanoh,12/21/2022
883,goshesnanoi,4/29/2022
884,dgribbonoj,4/2/2024
885,lsommerledok,11/7/2020
886,mlindlol,12/6/2022
887,lsandersom,5/16/2021
888,jfrimanon,6/27/2020
889,iponcetoo,2/21/2020
890,pkarpychevop,6/30/2023
891,rperettoq,11/10/2018
892,ccoggillor,11/16/2021
893,gpoinsettos,7/2/2022
894,bmeneghelliot,11/7/2024
895,rbunnyou,6/30/2024
896,wbartosikov,3/26/2017
897,mvickerow,1/18/2017
898,ptoynbeeox,5/31/2017
899,irylanceoy,11/6/2017
900,skevlinoz,11/19/2023
901,rlindberghp0,10/3/2020
902,cstazikerp1,8/1/2021
903,bfairp2,3/19/2017
904,rrivittp3,3/22/2024
905,gdrueryp4,9/7/2024
906,smedlenp5,7/23/2020
907,ccarnduffp6,4/17/2024
908,fdebeauchampp7,4/23/2018
909,jreidp8,11/14/2019
910,mvibertp9,7/21/2023
911,roguspa,11/8/2020
912,adelgatypb,12/3/2016
913,acruikshankspc,3/21/2022
914,sscholtepd,10/14/2019
915,fschapirope,7/10/2017
916,odowlespf,12/28/2020
917,rringspg,6/18/2020
918,fnortheastph,12/11/2021
919,bstegerspi,2/28/2018
920,rscorthornepj,1/20/2020
921,dbandpk,5/25/2022
922,soyleypl,1/20/2017
923,gchadwinpm,5/7/2021
924,btheunissenpn,4/16/2018
925,cchattellpo,10/8/2023
926,cgillispp,7/30/2022
927,kpriestleypq,6/20/2022
928,csilwoodpr,9/22/2020
929,agippsps,8/31/2021
930,ddallanpt,9/25/2022
931,prorkepu,6/19/2018
932,drexworthypv,8/29/2021
933,rfitzackerleypw,5/17/2022
934,ncowderoypx,12/10/2016
935,jbatrampy,2/25/2023
936,eenserpz,10/22/2018
937,eoslarq0,3/5/2017
938,rbaddeleyq1,5/19/2019
939,cmeachanq2,12/10/2016
940,bkirvellq3,4/27/2017
941,omadeleyq4,7/24/2019
942,vmaccagueq5,6/5/2021
943,cputtanq6,5/14/2024
944,dkleinsmuntzq7,5/1/2020
945,lgrigorievq8,6/14/2022
946,kspadottoq9,9/3/2024
947,mszwarcqa,9/17/2022
948,tserfatiqb,3/1/2023
949,grampageqc,8/31/2017
950,bogerqd,7/5/2024
951,mandrzejakqe,7/15/2024
952,rtomichqf,12/29/2018
953,hcaudrelierqg,1/4/2021
954,lnanelliqh,8/15/2018
955,enickolsqi,3/3/2024
956,clittrikqj,6/21/2019
957,iturneauxqk,11/25/2022
958,poxtobyql,9/4/2020
959,fchessqm,1/22/2018
960,mphilpottqn,9/7/2024
961,jrousqo,12/18/2016
962,bbootherstoneqp,3/1/2024
963,stattonqq,10/15/2020
964,rstelfoxqr,4/26/2020
965,cpopescuqs,3/28/2017
966,rellumqt,6/9/2018
967,dalfonsiniqu,6/24/2021
968,lmonkemanqv,9/19/2020
969,jmuatqw,4/29/2018
970,kdimockqx,5/1/2020
971,abrounsellqy,1/29/2024
972,slammasqz,11/7/2021
973,dalywinr0,7/17/2024
974,crabler1,7/18/2020
975,pfarlower2,1/4/2024
976,awagnerinr3,1/14/2019
977,cshaddickr4,12/17/2023
978,fcattowr5,1/8/2019
979,oellsonr6,12/18/2016
980,idrager7,6/1/2023
981,ccottar8,7/28/2019
982,ctilzeyr9,7/14/2020
983,glaviesra,11/20/2021
984,dpeytorb,10/22/2022
985,bsandlinrc,4/13/2017
986,tboatwrightrd,6/11/2018
987,aoakwoodre,7/11/2022
988,eyeabsleyrf,10/13/2023
989,bpashbarg,9/30/2019
990,mdalzellrh,10/23/2020
991,gskyrmri,5/19/2022
992,mhakingrj,7/8/2021
993,mantonellinirk,9/14/2020
994,ggoodgerrl,7/17/2017
995,nyabsleyrm,2/25/2018
996,ediamantrn,7/30/2024
997,wdorkensro,2/25/2021
998,cmarshmanrp,7/27/2021
999,acowinsrq,10/6/2020
1000,fattargerr,3/6/2024
